stock_code,stock_name,market,suspended,reference_price
000150,두산,KOSPI,false,1142000
000660,SK하이닉스,KOSPI,false,1647000
009150,삼성전기,KOSPI,false,1401000
010130,고려아연,KOSPI,false,1222000
402340,SK스퀘어,KOSPI,false,1041000
298040,효성중공업,KOSPI,false,2732000
012450,한화에어로스페이스,KOSPI,false,1055000
003240,태광산업,KOSPI,false,901000
006400,삼성SDI,KOSPI,false,548000
004170,신세계,KOSPI,false,382500
307950,현대오토에버,KOSPI,false,395000
005380,현대차,KOSPI,false,383500
329180,HD현대중공업,KOSPI,false,436500
028260,삼성물산,KOSPI,false,367000
03473K,SK우,KOSPI,false,409500
278470,에이피알,KOSPI,false,394000
373220,LG에너지솔루션,KOSPI,false,358500
002380,KCC,KOSPI,false,482000
011070,LG이노텍,KOSPI,false,562000
012330,현대모비스,KOSPI,false,422000
010060,OCI홀딩스,KOSPI,false,227500
192820,코스맥스,KOSPI,false,275500
062040,산일전기,KOSPI,false,191700
035420,NAVER,KOSPI,false,213500
000500,가온전선,KOSPI,false,212000
068270,셀트리온,KOSPI,false,188100
443060,HD현대마린솔루션,KOSPI,false,210500
018670,SK가스,KOSPI,false,238500
003670,포스코퓨처엠,KOSPI,false,183600
005830,DB손해보험,KOSPI,false,195700
051900,LG생활건강,KOSPI,false,294000
097950,CJ제일제당,KOSPI,false,183400
0126Z0,삼성에피스홀딩스,KOSPI,false,356000
051910,LG화학,KOSPI,false,282000
009540,HD한국조선해양,KOSPI,false,348500
033780,KT&G,KOSPI,false,172500
161890,한국콜마,KOSPI,false,145800
079550,LIG디펜스앤에어로스페이스,KOSPI,false,652000
090430,아모레퍼시픽,KOSPI,false,143300
322000,HD현대에너지솔루션,KOSPI,false,138900
086280,현대글로비스,KOSPI,false,206000
009970,영원무역홀딩스,KOSPI,false,170900
001040,CJ,KOSPI,false,131400
282330,BGF리테일,KOSPI,false,147600
00104K,CJ4우(전환),KOSPI,false,128800
02826K,삼성물산우B,KOSPI,false,229000
010950,S-Oil,KOSPI,false,157300
066970,엘앤에프,KOSPI,false,121300
298020,효성티앤씨,KOSPI,false,347000
000157,두산2우B,KOSPI,false,331500
097955,CJ제일제당 우,KOSPI,false,121200
023530,롯데쇼핑,KOSPI,false,107500
005935,삼성전자우,KOSPI,false,191600
018260,삼성에스디에스,KOSPI,false,238000
003650,미창석유,KOSPI,false,133500
005389,현대차3우B,KOSPI,false,181400
352820,하이브,KOSPI,false,178500
271560,오리온,KOSPI,false,126300
006405,삼성SDI우,KOSPI,false,219500
180640,한진칼,KOSPI,false,146000
039490,키움증권,KOSPI,false,270500
007660,이수페타시스,KOSPI,false,111100
120030,조선선재,KOSPI,false,83800
306200,세아제강,KOSPI,false,144700
021240,코웨이,KOSPI,false,99400
016360,삼성증권,KOSPI,false,86800
096770,SK이노베이션,KOSPI,false,138300
017940,E1,KOSPI,false,97700
071320,지역난방공사,KOSPI,false,75600
011790,SKC,KOSPI,false,84300
007310,오뚜기,KOSPI,false,334000
001820,삼화콘덴서,KOSPI,false,109800
002840,미원상사,KOSPI,false,130000
017670,SK텔레콤,KOSPI,false,92500
051915,LG화학우,KOSPI,false,128800
181710,NHN,KOSPI,false,71500
005430,한국공항,KOSPI,false,79000
078930,GS,KOSPI,false,123900
002030,아세아,KOSPI,false,206500
032830,삼성생명,KOSPI,false,297500
001720,신영증권,KOSPI,false,148000
010955,S-Oil우,KOSPI,false,71900
034730,SK,KOSPI,false,573000
003555,LG우,KOSPI,false,71000
001045,CJ우,KOSPI,false,68900
000880,한화,KOSPI,false,137400
051905,LG생활건강우,KOSPI,false,105500
298050,HS효성첨단소재,KOSPI,false,172800
004490,세방전지,KOSPI,false,64400
241560,두산밥캣,KOSPI,false,62800
069960,현대백화점,KOSPI,false,96200
006120,SK디스커버리,KOSPI,false,52900
001270,부국증권,KOSPI,false,52100
475150,SK이터닉스,KOSPI,false,52000
042700,한미반도체,KOSPI,false,230000
007810,코리아써키트,KOSPI,false,51000
089860,롯데렌탈,KOSPI,false,50900
004700,조광피혁,KOSPI,false,64100
036570,NC,KOSPI,false,222000
017390,서울가스,KOSPI,false,55500
009420,한올바이오파마,KOSPI,false,54700
487570,HS효성,KOSPI,false,48100
000650,천일고속,KOSPI,false,143700
052690,한전기술,KOSPI,false,107600
000070,삼양홀딩스,KOSPI,false,60500
002600,조흥,KOSPI,false,137900
005850,에스엘,KOSPI,false,51400
004690,삼천리,KOSPI,false,136700
090435,아모레퍼시픽우,KOSPI,false,45500
185750,종근당,KOSPI,false,68000
138040,메리츠금융지주,KOSPI,false,135500
066570,LG전자,KOSPI,false,201500
000155,두산우,KOSPI,false,401500
034020,두산에너빌리티,KOSPI,false,79200
007540,샘표,KOSPI,false,43000
37550L,DL이앤씨2우(전환),KOSPI,false,48150
483650,달바글로벌,KOSPI,false,190600
025000,KPX케미칼,KOSPI,false,54400
079900,전진건설로봇,KOSPI,false,41500
00088K,한화3우B,KOSPI,false,41200
064400,LG씨엔에스,KOSPI,false,74100
005387,현대차2우B,KOSPI,false,184800
375500,DL이앤씨,KOSPI,false,73400
003550,LG,KOSPI,false,121100
060980,HL홀딩스,KOSPI,false,40150
336260,두산퓨얼셀,KOSPI,false,43850
489790,한화비전,KOSPI,false,49400
096775,SK이노베이션우,KOSPI,false,69000
003830,대한화섬,KOSPI,false,114800
006110,삼아알미늄,KOSPI,false,68700
454910,두산로보틱스,KOSPI,false,68400
281820,케이씨텍,KOSPI,false,68100
005090,SGC에너지,KOSPI,false,56100
025540,한국단자,KOSPI,false,55800
012320,경동인베스트,KOSPI,false,47400
081660,미스토홀딩스,KOSPI,false,41400
112610,씨에스윈드,KOSPI,false,46950
008870,금비,KOSPI,false,40700
029780,삼성카드,KOSPI,false,46150
078935,GS우,KOSPI,false,62800
005070,코스모신소재,KOSPI,false,39000
003030,세아제강지주,KOSPI,false,103000
302440,SK바이오사이언스,KOSPI,false,37900
005810,풍산홀딩스,KOSPI,false,37100
170900,동아에스티,KOSPI,false,36950
204320,HL만도,KOSPI,false,48500
000850,화천기공,KOSPI,false,35650
285130,SK케미칼,KOSPI,false,55200
009830,한화솔루션,KOSPI,false,30050
086790,하나금융지주,KOSPI,false,134300
023590,다우기술,KOSPI,false,38300
006040,동원산업,KOSPI,false,38100
008775,호텔신라우,KOSPI,false,29100
161390,한국타이어앤테크놀로지,KOSPI,false,65400
268280,미원에스씨,KOSPI,false,130700
005930,삼성전자,KOSPI,false,255500
001450,현대해상,KOSPI,false,51100
011780,금호석유화학,KOSPI,false,125900
007160,사조산업,KOSPI,false,50300
071970,HD현대마린엔진,KOSPI,false,50200
450080,에코프로머티,KOSPI,false,35850
037710,광주신세계,KOSPI,false,35450
175330,JB금융지주,KOSPI,false,31000
003490,대한항공,KOSPI,false,30200
000720,현대건설,KOSPI,false,119700
145990,삼양사,KOSPI,false,46600
004000,롯데정밀화학,KOSPI,false,45700
003570,SNT다이내믹스,KOSPI,false,28200
017800,현대엘리베이터,KOSPI,false,74900
009240,한샘,KOSPI,false,37400
004450,삼화왕관,KOSPI,false,27650
011390,부산산업,KOSPI,false,53400
248170,샘표식품,KOSPI,false,23200
272210,한화시스템,KOSPI,false,68800
195870,해성디에스,KOSPI,false,49900
0120G0,삼양바이오팜,KOSPI,false,49850
009770,삼정펄프,KOSPI,false,28300
092230,KPX홀딩스,KOSPI,false,98600
007690,국도화학,KOSPI,false,39200
010120,LS ELECTRIC,KOSPI,false,195300
014820,동원시스템즈,KOSPI,false,21700
014830,유니드,KOSPI,false,64800
18064K,한진칼우,KOSPI,false,32250
001440,대한전선,KOSPI,false,27400
029460,케이씨,KOSPI,false,38000
071050,한국금융지주,KOSPI,false,188800
145720,덴티움,KOSPI,false,37550
034590,인천도시가스,KOSPI,false,26550
005385,현대차우,KOSPI,false,185600
003960,사조대림,KOSPI,false,30800
033240,자화전자,KOSPI,false,30600
028050,삼성E&A,KOSPI,false,45850
051600,한전KPS,KOSPI,false,45800
082740,한화엔진,KOSPI,false,45600
007340,DN오토모티브,KOSPI,false,45100
017960,한국카본,KOSPI,false,22550
000990,DB하이텍,KOSPI,false,89900
001800,오리온홀딩스,KOSPI,false,25550
002810,삼영무역,KOSPI,false,22050
003547,대신증권2우B,KOSPI,false,19520
196170,알테오젠,KOSDAQ,false,288500
086520,에코프로,KOSDAQ,false,82400
247540,에코프로비엠,KOSDAQ,false,106000
277810,레인보우로보틱스,KOSDAQ,false,459000
036930,주성엔지니어링,KOSDAQ,false,178300
240810,원익IPS,KOSDAQ,false,114800
039030,이오테크닉스,KOSDAQ,false,443000
058470,리노공업,KOSDAQ,false,66600
028300,HLB,KOSDAQ,false,33750
222800,심텍,KOSDAQ,false,117900
108490,로보티즈,KOSDAQ,false,304500
403870,HPSP,KOSDAQ,false,50800
214450,파마리서치,KOSDAQ,false,386500
298380,에이비엘바이오,KOSDAQ,false,71400
095340,ISC,KOSDAQ,false,182000
000250,삼천당제약,KOSDAQ,false,157000
087010,펩트론,KOSDAQ,false,157300
319660,피에스케이,KOSDAQ,false,126500
141080,리가켐바이오,KOSDAQ,false,92000
440110,파두,KOSDAQ,false,67300
257720,실리콘투,KOSDAQ,false,48000
084370,유진테크,KOSDAQ,false,136500
031980,피에스케이홀딩스,KOSDAQ,false,144000
145020,휴젤,KOSDAQ,false,244000
095610,테스,KOSDAQ,false,146800
310210,보로노이,KOSDAQ,false,153000
064760,티씨케이,KOSDAQ,false,252000
131290,티에스이,KOSDAQ,false,236500
357780,솔브레인,KOSDAQ,false,325000
080220,제주반도체,KOSDAQ,false,71800
319400,현대무벡스,KOSDAQ,false,22050
214370,케어젠,KOSDAQ,false,44500
067310,하나마이크론,KOSDAQ,false,34850
347850,디앤디파마텍,KOSDAQ,false,49200
263750,펄어비스,KOSDAQ,false,34500
178320,서진시스템,KOSDAQ,false,33650
237690,에스티팜,KOSDAQ,false,101200
058610,에스피지,KOSDAQ,false,94200
214150,클래시스,KOSDAQ,false,31800
005290,동진쎄미켐,KOSDAQ,false,40250
010170,대한광통신,KOSDAQ,false,13010
226950,올릭스,KOSDAQ,false,95900
140410,메지온,KOSDAQ,false,65000
098460,고영,KOSDAQ,false,27900
083650,비에이치아이,KOSDAQ,false,60000
140860,파크시스템스,KOSDAQ,false,262500
032820,우리기술,KOSDAQ,false,10630
068760,셀트리온제약,KOSDAQ,false,40850
041510,에스엠,KOSDAQ,false,79000
089030,테크윙,KOSDAQ,false,47100
030530,원익홀딩스,KOSDAQ,false,22500
096530,씨젠,KOSDAQ,false,31900
060370,LS마린솔루션,KOSDAQ,false,30900
007390,네이처셀,KOSDAQ,false,23950
0009K0,에임드바이오,KOSDAQ,false,23450
241710,코스메카코리아,KOSDAQ,false,134500
131970,두산테스나,KOSDAQ,false,74300
039200,오스코텍,KOSDAQ,false,36600
035900,JYP Ent.,KOSDAQ,false,39300
089970,브이엠,KOSDAQ,false,52800
323280,태성,KOSDAQ,false,44850
082920,비츠로셀,KOSDAQ,false,29800
078600,대주전자재료,KOSDAQ,false,84600
290650,엘앤씨바이오,KOSDAQ,false,47900
183300,코미코,KOSDAQ,false,25100
218410,RFHIC,KOSDAQ,false,48300
420770,기가비스,KOSDAQ,false,101200
003380,하림지주,KOSDAQ,false,11020
127120,제이에스링크,KOSDAQ,false,33600
475830,오름테라퓨틱,KOSDAQ,false,55900
195940,HK이노엔,KOSDAQ,false,42050
046070,코다코,KOSDAQ,true,82300
043260,성호전자,KOSDAQ,false,15670
204270,제이앤티씨,KOSDAQ,false,19130
437730,삼현,KOSDAQ,false,32550
347700,스피어,KOSDAQ,false,19520
166090,하나머티리얼즈,KOSDAQ,false,49900
086450,동국제약,KOSDAQ,false,21600
293490,카카오게임즈,KOSDAQ,false,9030
232140,와이씨,KOSDAQ,false,11730
036540,SFA반도체,KOSDAQ,false,5610
036830,솔브레인홀딩스,KOSDAQ,false,43100
356860,티엘비,KOSDAQ,false,37150
491000,리브스메드,KOSDAQ,false,34500
115180,큐리언트,KOSDAQ,false,23050
101490,에스앤에스텍,KOSDAQ,false,40050
056190,SFA,KOSDAQ,false,23700
033790,피노,KOSDAQ,false,10200
065350,신성델타테크,KOSDAQ,false,30900
124500,아이티센글로벌,KOSDAQ,false,35650
041830,인바디,KOSDAQ,false,61100
252990,샘씨엔에스,KOSDAQ,false,13660
445680,큐리옥스바이오시스템즈,KOSDAQ,false,47650
014620,성광벤드,KOSDAQ,false,30850
458870,씨어스,KOSDAQ,false,21350
213420,덕산네오룩스,KOSDAQ,false,32250
031330,에스에이엠티,KOSDAQ,false,7970
100790,미래에셋벤처투자,KOSDAQ,false,14980
083450,GST,KOSDAQ,false,43000
476830,알지노믹스,KOSDAQ,false,28200
035720,카카오,KOSPI,false,36200
